{"cameraMode":{"drawMode":0,"name":"Shaded","section":"Shading Mode"},"sceneLighting":true,"audioPlay":false,"sceneViewState":{"m_AlwaysRefresh":false,"showFog":true,"showSkybox":true,"showFlares":true,"showImageEffects":true,"showParticleSystems":true,"showVisualEffectGraphs":true,"m_FxEnabled":true},"in2DMode":false,"pivot":{"x":-3.277604818344116,"y":-28.439361572265626,"z":14.159355163574219},"rotation":{"x":0.005141722969710827,"y":0.9083141684532166,"z":-0.41811007261276247,"w":0.011168583296239376},"size":64.58638763427735,"orthographic":false}