{"cameraMode":{"drawMode":0,"name":"Shaded","section":"Shading Mode"},"sceneLighting":true,"audioPlay":false,"sceneViewState":{"m_AlwaysRefresh":false,"showFog":true,"showSkybox":true,"showFlares":true,"showImageEffects":true,"showParticleSystems":true,"showVisualEffectGraphs":true,"m_FxEnabled":true},"in2DMode":false,"pivot":{"x":1.5373685359954835,"y":-4.265941143035889,"z":0.4335312843322754},"rotation":{"x":0.47432881593704226,"y":-0.023763978853821756,"z":0.012809992767870427,"w":0.8799331784248352},"size":12.67403507232666,"orthographic":false}